GoldPlus SKU,Website battery code,Product name today,Technical / original pack code,Reference capacity (mAh) — ORIGINAL pack,Reference voltage (V) — ORIGINAL pack,Basis for the reference,Capacity / voltage printed on the GoldPlus pack (staff to fill),Phone brands,Phones recorded,Compatible phones (name + model number),Search keywords / aliases,Suggested SEO title (use once matches are verified),Suggested meta description (use once matches are verified)
GP-BAT-30RT,30 RT,GoldPlus Battery GP-30 RT,BL-30RT,3000,,Transsion code convention (the two digits = capacity ÷ 100); voltage not stated,,TECNO,1,TECNO W5,"30 RT, 30RT, BL-30RT, TECNO W5 battery",GoldPlus 30 RT battery for TECNO W5,GoldPlus replacement battery 30 RT (replaces BL-30RT) for TECNO W5. Check your phone's exact model number or the code on your old battery before you order.
GP-BAT-4L,4L,GoldPlus Battery GP-4L,BP-4L,1500,3.7,public specification of the original pack,,Nokia,16,Nokia 6650 Fold; Nokia 6760 Slide; Nokia 6790 Surge; Nokia E52; Nokia E55; Nokia E6; Nokia E61i; Nokia E63; Nokia E71; Nokia E71x; Nokia E72; Nokia E73; Nokia E90; Nokia N800; Nokia N810; Nokia N97,"4L, BP-4L, Nokia 6650 Fold battery, Nokia 6760 Slide battery, Nokia 6790 Surge battery, Nokia E52 battery, Nokia E55 battery, Nokia E6 battery, Nokia E61i battery, Nokia E63 battery, Nokia E71 battery, Nokia E71x battery, Nokia E72 battery, Nokia E73 battery","GoldPlus 4L battery for Nokia 6650 Fold, Nokia 6760 Slide, Nokia 6790 ","GoldPlus replacement battery 4L (replaces BP-4L) for Nokia 6650 Fold, Nokia 6760 Slide, Nokia 6790 Surge, Nokia E52, Nokia E55, Nokia E6. Check your phone's exact model number or the code on your old battery before you order."
GP-BAT-4U,4U,GoldPlus Battery GP-4U,BL-4U,1200,3.7,seen on independent parts listings (2026-09-20),,Nokia,15,Nokia Asha 206; Nokia Asha 210; Nokia Asha 300; Nokia Asha 301; Nokia Asha 305; Nokia Asha 306; Nokia Asha 308; Nokia Asha 309; Nokia Asha 310; Nokia Asha 311; Nokia Asha 500; Nokia Asha 501; Nokia Asha 503; Nokia E66; Nokia E75,"4U, BL-4U, Nokia Asha 206 battery, Nokia Asha 210 battery, Nokia Asha 300 battery, Nokia Asha 301 battery, Nokia Asha 305 battery, Nokia Asha 306 battery, Nokia Asha 308 battery, Nokia Asha 309 battery, Nokia Asha 310 battery, Nokia Asha 311 battery, Nokia Asha 500 battery, Nokia Asha 501 battery","GoldPlus 4U battery for Nokia Asha 206, Nokia Asha 210, Nokia Asha 300","GoldPlus replacement battery 4U (replaces BL-4U) for Nokia Asha 206, Nokia Asha 210, Nokia Asha 300, Nokia Asha 301, Nokia Asha 305, Nokia Asha 306. Check your phone's exact model number or the code on your old battery before you order."
GP-BAT-4UL,4UL,GoldPlus Battery GP-4UL,BL-4UL,1200,3.7,seen on independent parts listings (2026-09-20),,Nokia,11,Nokia 220; Nokia 225; Nokia 225 4G; Nokia 225 Dual SIM; Nokia 230; Nokia 3310 3G; Nokia 3310 4G; Nokia 5310 (2020); Nokia 6310 (2021); Nokia Asha 500; Nokia Asha 502,"4UL, BL-4UL, Nokia 220 battery, Nokia 225 battery, Nokia 225 4G battery, Nokia 225 Dual SIM battery, Nokia 230 battery, Nokia 3310 3G battery, Nokia 3310 4G battery, Nokia 5310 (2020) battery, Nokia 6310 (2021) battery, Nokia Asha 500 battery, Nokia Asha 502 battery","GoldPlus 4UL battery for Nokia 220, Nokia 225, Nokia 225 4G, Nokia 225","GoldPlus replacement battery 4UL (replaces BL-4UL) for Nokia 220, Nokia 225, Nokia 225 4G, Nokia 225 Dual SIM, Nokia 230, Nokia 3310 3G. Check your phone's exact model number or the code on your old battery before you order."
GP-BAT-5C,5C,GoldPlus Battery GP-5C,BL-5C,1020,3.7,public specification of the original pack,,"Nokia, TECNO, itel",14,Nokia 1100; Nokia 1101; Nokia 1110; Nokia 1112; TECNO T101; TECNO T301; TECNO T312; TECNO T313; TECNO T349; TECNO T401; itel it2160 (2160); itel it2161 (2161); itel it2162 (2162); itel it2163 (2163),"5C, BL-5C, Nokia 1100 battery, Nokia 1101 battery, Nokia 1110 battery, Nokia 1112 battery, TECNO T101 battery, TECNO T301 battery, TECNO T312 battery, TECNO T313 battery, TECNO T349 battery, TECNO T401 battery, itel it2160 battery, itel it2161 battery, 2160 battery, 2161 battery, 2162 battery, 2163 battery","GoldPlus 5C battery for Nokia 1100, Nokia 1101, Nokia 1110, Nokia 1112","GoldPlus replacement battery 5C (replaces BL-5C) for Nokia 1100, Nokia 1101, Nokia 1110, Nokia 1112, TECNO T101, TECNO T301. Check your phone's exact model number or the code on your old battery before you order."
GP-BAT-A02SA03S,A02S/A03S,GoldPlus Replacement Battery A02S/A03S — fits the A02s and A03s,HQ-50S,5000,3.85,seen on independent parts listings (2026-09-20),,Samsung,2,Samsung Galaxy A02s; Samsung Galaxy A03s,"A02S/A03S, HQ-50S, Samsung Galaxy A02s battery, Samsung Galaxy A03s battery","GoldPlus A02S/A03S battery for Samsung Galaxy A02s, Samsung Galaxy A03","GoldPlus replacement battery A02S/A03S (replaces HQ-50S) for Samsung Galaxy A02s, Samsung Galaxy A03s. Check your phone's exact model number or the code on your old battery before you order."
GP-BAT-A03CORE,A03 CORE,GoldPlus Replacement Battery A03 CORE — fits the A03 Core,SLC-50 / HQ-50S,5000,3.85,public specification of the original pack,,Samsung,1,Samsung Galaxy A03 Core,"A03 CORE, A03CORE, HQ-50S, SLC-50, Samsung Galaxy A03 Core battery",GoldPlus A03 CORE battery for Samsung Galaxy A03 Core,GoldPlus replacement battery A03 CORE (replaces SLC-50 / HQ-50S) for Samsung Galaxy A03 Core. Check your phone's exact model number or the code on your old battery before you order.
GP-BAT-A10S,A10S,GoldPlus Replacement Battery A10S — fits the A10s,SCUD-WT-N6,4000,3.82,seen on independent parts listings (2026-09-20),,Samsung,2,Samsung Galaxy A10s (SM-A107); Samsung Galaxy A20s (SM-A207),"A10S, SCUD-WT-N6, Samsung Galaxy A10s battery, Samsung Galaxy A20s battery, SM-A107 battery, SM-A207 battery","GoldPlus A10S battery for Samsung Galaxy A10s, Samsung Galaxy A20s","GoldPlus replacement battery A10S (replaces SCUD-WT-N6) for Samsung Galaxy A10s, Samsung Galaxy A20s. Check your phone's exact model number or the code on your old battery before you order."
GP-BAT-A10SA20S,A10S/A20S,GoldPlus Replacement Battery A10S/A20S — fits the A10s and A20s,SCUD-WT-N6,4000,3.82,seen on independent parts listings (2026-09-20),,Samsung,2,Samsung Galaxy A10s (SM-A107); Samsung Galaxy A20s (SM-A207),"A10S/A20S, SCUD-WT-N6, Samsung Galaxy A10s battery, Samsung Galaxy A20s battery, SM-A107 battery, SM-A207 battery","GoldPlus A10S/A20S battery for Samsung Galaxy A10s, Samsung Galaxy A20","GoldPlus replacement battery A10S/A20S (replaces SCUD-WT-N6) for Samsung Galaxy A10s, Samsung Galaxy A20s. Check your phone's exact model number or the code on your old battery before you order."
GP-BAT-A11BLP727,A11/BLP727,GoldPlus Replacement Battery A11/BLP727 — fits the A11 (BLP727 pack),BLP727,5000,3.87,seen on independent parts listings (2026-09-20),,"OPPO, Realme",15,OPPO A11; OPPO A11x; OPPO A5 (2020); OPPO A9 (2020); Realme 5 (RMX1911); Realme 5i (RMX2030); Realme 5s (RMX1925); Realme 6i (RMX2040); Realme C11 (RMX2185); Realme C20 (RMX3061); Realme C20A (RMX3063); Realme C21 (RMX3201); Realme C21Y (RMX3261); Realme C25 (RMX3191); Realme C3 (RMX2020),"A11/BLP727, BLP727, OPPO A11 battery, OPPO A11x battery, OPPO A5 (2020) battery, OPPO A9 (2020) battery, Realme 5 battery, Realme 5i battery, Realme 5s battery, Realme 6i battery, Realme C11 battery, Realme C20 battery, Realme C20A battery, Realme C21 battery, RMX1911 battery, RMX2030 battery, RMX1925 battery, RMX2040 battery, RMX2185 battery, RMX3061 battery, RMX3063 battery, RMX3201 battery, RMX3261 battery, RMX3191 battery, RMX2020 battery","GoldPlus A11/BLP727 battery for OPPO A11, OPPO A11x, OPPO A5 (2020), O","GoldPlus replacement battery A11/BLP727 (replaces BLP727) for OPPO A11, OPPO A11x, OPPO A5 (2020), OPPO A9 (2020), Realme 5, Realme 5i. Check your phone's exact model number or the code on your old battery before you order."
GP-BAT-A12A21S,A12/A21S,GoldPlus Replacement Battery A12/A21S — fits the A12 and A21s,EB-BA217ABY,5000,3.85,public specification of the original pack,,Samsung,2,Samsung Galaxy A12 (SM-A125); Samsung Galaxy A21s (SM-A217),"A12/A21S, EB-BA217ABY, Samsung Galaxy A12 battery, Samsung Galaxy A21s battery, SM-A125 battery, SM-A217 battery","GoldPlus A12/A21S battery for Samsung Galaxy A12, Samsung Galaxy A21s","GoldPlus replacement battery A12/A21S (replaces EB-BA217ABY) for Samsung Galaxy A12, Samsung Galaxy A21s. Check your phone's exact model number or the code on your old battery before you order."
GP-BAT-A20A30A50,A20/A30/A50,"GoldPlus Replacement Battery A20/A30/A50 — fits the A20, A30 and A50",EB-BA505ABU,4000,3.85,public specification of the original pack,,Samsung,4,Samsung Galaxy A20 (SM-A205); Samsung Galaxy A30 (SM-A305); Samsung Galaxy A30s; Samsung Galaxy A50 (SM-A505),"A20/A30/A50, EB-BA505ABU, Samsung Galaxy A20 battery, Samsung Galaxy A30 battery, Samsung Galaxy A30s battery, Samsung Galaxy A50 battery, SM-A205 battery, SM-A305 battery, SM-A505 battery","GoldPlus A20/A30/A50 battery for Samsung Galaxy A20, Samsung Galaxy A3","GoldPlus replacement battery A20/A30/A50 (replaces EB-BA505ABU) for Samsung Galaxy A20, Samsung Galaxy A30, Samsung Galaxy A30s, Samsung Galaxy A50. Check your phone's exact model number or the code on your old battery before you order."
GP-BAT-A325G,A32/5G,GoldPlus Replacement Battery A32/5G — fits the A32 5G,EB-BA426ABY,5000,3.86,public specification of the original pack,,Samsung,6,Samsung Galaxy A32 5G (SM-A326); Samsung Galaxy A42 5G (SM-A426); Samsung Galaxy A72 4G (SM-A725); Samsung Galaxy A72 5G (SM-A726); Samsung Galaxy M22 (SM-M225); Samsung Galaxy M32 (SM-M325),"A32/5G, EB-BA426ABY, Samsung Galaxy A32 5G battery, Samsung Galaxy A42 5G battery, Samsung Galaxy A72 4G battery, Samsung Galaxy A72 5G battery, Samsung Galaxy M22 battery, Samsung Galaxy M32 battery, SM-A326 battery, SM-A426 battery, SM-A725 battery, SM-A726 battery, SM-M225 battery, SM-M325 battery","GoldPlus A32/5G battery for Samsung Galaxy A32 5G, Samsung Galaxy A42 ","GoldPlus replacement battery A32/5G (replaces EB-BA426ABY) for Samsung Galaxy A32 5G, Samsung Galaxy A42 5G, Samsung Galaxy A72 4G, Samsung Galaxy A72 5G, Samsung Galaxy M22, Samsung Galaxy M32. Check your phone's exact model number or the code on your old battery before you order."
GP-BAT-BL10BI,BL-10BI,GoldPlus Battery GP-10BI,BL-10BI,1000,,Transsion code convention (the two digits = capacity ÷ 100); voltage not stated,,itel,1,itel it5027 (5027),"BL-10BI, BL10BI, GP-10BI, itel it5027 battery, 5027 battery",GoldPlus BL-10BI battery for itel it5027,GoldPlus replacement battery BL-10BI for itel it5027. Check your phone's exact model number or the code on your old battery before you order.
GP-BAT-BL10CI,BL-10CI,GoldPlus Battery GP-10CI,BL-10CI,1000,,Transsion code convention (the two digits = capacity ÷ 100); voltage not stated,,itel,1,itel it2175A (2175A),"BL-10CI, BL10CI, GP-10CI, itel it2175A battery, 2175A battery",GoldPlus BL-10CI battery for itel it2175A,GoldPlus replacement battery BL-10CI for itel it2175A. Check your phone's exact model number or the code on your old battery before you order.
GP-BAT-BL11CT,BL-11CT,GoldPlus Battery GP-11CT,BL-11CT,1100,,Transsion code convention (the two digits = capacity ÷ 100); voltage not stated,,TECNO,1,TECNO T660,"BL-11CT, BL11CT, GP-11CT, TECNO T660 battery",GoldPlus BL-11CT battery for TECNO T660,GoldPlus replacement battery BL-11CT for TECNO T660. Check your phone's exact model number or the code on your old battery before you order.
GP-BAT-BL11DI,BL-11DI,GoldPlus Battery GP-11DI,BL-11DI,1100,,Transsion code convention (the two digits = capacity ÷ 100); voltage not stated,,itel,1,itel it5081 (5081),"BL-11DI, BL11DI, GP-11DI, itel it5081 battery, 5081 battery",GoldPlus BL-11DI battery for itel it5081,GoldPlus replacement battery BL-11DI for itel it5081. Check your phone's exact model number or the code on your old battery before you order.
GP-BAT-BL11GT,BL-11GT,GoldPlus Battery GP-11GT,BL-11GT,1100,,Transsion code convention (the two digits = capacity ÷ 100); voltage not stated,,TECNO,1,TECNO T302,"BL-11GT, BL11GT, GP-11GT, TECNO T302 battery",GoldPlus BL-11GT battery for TECNO T302,GoldPlus replacement battery BL-11GT for TECNO T302. Check your phone's exact model number or the code on your old battery before you order.
GP-BAT-BL15BI,BL-15BI,GoldPlus Battery GP-15BI,BL-15BI,1500,,Transsion code convention (the two digits = capacity ÷ 100); voltage not stated,,itel,2,itel A14; itel it1409 (1409),"BL-15BI, BL15BI, GP-15BI, itel A14 battery, itel it1409 battery, 1409 battery","GoldPlus BL-15BI battery for itel A14, itel it1409","GoldPlus replacement battery BL-15BI for itel A14, itel it1409. Check your phone's exact model number or the code on your old battery before you order."
GP-BAT-BL15DI,BL-15DI,GoldPlus Battery GP-15DI,BL-15DI,1500,,Transsion code convention (the two digits = capacity ÷ 100); voltage not stated,,TECNO,1,TECNO T350,"BL-15DI, BL15DI, GP-15DI, TECNO T350 battery",GoldPlus BL-15DI battery for TECNO T350,GoldPlus replacement battery BL-15DI for TECNO T350. Check your phone's exact model number or the code on your old battery before you order.
GP-BAT-BL15FI,BL-15FI,GoldPlus Battery GP-15FI,BL-15FI,1500,,Transsion code convention (the two digits = capacity ÷ 100); voltage not stated,,itel,1,itel A11,"BL-15FI, BL15FI, GP-15FI, itel A11 battery",GoldPlus BL-15FI battery for itel A11,GoldPlus replacement battery BL-15FI for itel A11. Check your phone's exact model number or the code on your old battery before you order.
GP-BAT-BL15HI,BL-15HI,GoldPlus Battery GP-15HI,BL-15HI,1500,,Transsion code convention (the two digits = capacity ÷ 100); voltage not stated,,itel,1,itel it5082 (5082),"BL-15HI, BL15HI, GP-15HI, itel it5082 battery, 5082 battery",GoldPlus BL-15HI battery for itel it5082,GoldPlus replacement battery BL-15HI for itel it5082. Check your phone's exact model number or the code on your old battery before you order.
GP-BAT-BL19CI,BL-19CI,GoldPlus Battery GP-19CI,BL-19CI,1900,,Transsion code convention (the two digits = capacity ÷ 100); voltage not stated,,itel,1,itel it6910 (6910),"BL-19CI, BL19CI, GP-19CI, itel it6910 battery, 6910 battery",GoldPlus BL-19CI battery for itel it6910,GoldPlus replacement battery BL-19CI for itel it6910. Check your phone's exact model number or the code on your old battery before you order.
GP-BAT-BL20JT,BL-20JT,GoldPlus Battery GP-20JT,BL-20JT,2000,,Transsion code convention (the two digits = capacity ÷ 100); voltage not stated,,TECNO,3,TECNO F1; TECNO F2; TECNO SA6S,"BL-20JT, BL20JT, GP-20JT, TECNO F1 battery, TECNO F2 battery, TECNO SA6S battery","GoldPlus BL-20JT battery for TECNO F1, TECNO F2, TECNO SA6S","GoldPlus replacement battery BL-20JT for TECNO F1, TECNO F2, TECNO SA6S. Check your phone's exact model number or the code on your old battery before you order."
GP-BAT-BL20NT,BL-20NT,GoldPlus Battery GP-20NT,BL-20NT,2000,,Transsion code convention (the two digits = capacity ÷ 100); voltage not stated,,TECNO,1,TECNO T315,"BL-20NT, BL20NT, GP-20NT, TECNO T315 battery",GoldPlus BL-20NT battery for TECNO T315,GoldPlus replacement battery BL-20NT for TECNO T315. Check your phone's exact model number or the code on your old battery before you order.
GP-BAT-BL24ET,BL-24ET,GoldPlus Battery GP-24ET,BL-24ET,2400,3.82,seen on independent parts listings (2026-09-20),,TECNO,3,TECNO Pop 1 (F3); TECNO Pop 2 (B1); TECNO Pop 2F (B1F),"BL-24ET, BL24ET, GP-24ET, TECNO Pop 1 battery, TECNO Pop 2 battery, TECNO Pop 2F battery, F3 battery, B1 battery, B1F battery","GoldPlus BL-24ET battery for TECNO Pop 1, TECNO Pop 2, TECNO Pop 2F","GoldPlus replacement battery BL-24ET for TECNO Pop 1, TECNO Pop 2, TECNO Pop 2F. Check your phone's exact model number or the code on your old battery before you order."
GP-BAT-BL25BI,BL-25BI,GoldPlus Battery GP-25BI,BL-25BI,2500,,Transsion code convention (the two digits = capacity ÷ 100); voltage not stated,,itel,1,itel it5600 (5600),"BL-25BI, BL25BI, GP-25BI, itel it5600 battery, 5600 battery",GoldPlus BL-25BI battery for itel it5600,GoldPlus replacement battery BL-25BI for itel it5600. Check your phone's exact model number or the code on your old battery before you order.
GP-BAT-BL25JT,BL-25JT,GoldPlus Battery GP-25JT,BL-25JT,2500,,Transsion code convention (the two digits = capacity ÷ 100); voltage not stated,,TECNO,1,TECNO WX3,"BL-25JT, BL25JT, GP-25JT, TECNO WX3 battery",GoldPlus BL-25JT battery for TECNO WX3,GoldPlus replacement battery BL-25JT for TECNO WX3. Check your phone's exact model number or the code on your old battery before you order.
GP-BAT-BL28AT,BL-28AT,GoldPlus Battery GP-28AT,BL-28AT,2800,,Transsion code convention (the two digits = capacity ÷ 100); voltage not stated,,TECNO,2,TECNO Camon Y3 Plus; TECNO Y2,"BL-28AT, BL28AT, GP-28AT, TECNO Camon Y3 Plus battery, TECNO Y2 battery","GoldPlus BL-28AT battery for TECNO Camon Y3 Plus, TECNO Y2","GoldPlus replacement battery BL-28AT for TECNO Camon Y3 Plus, TECNO Y2. Check your phone's exact model number or the code on your old battery before you order."
GP-BAT-BL29BT,BL-29BT,GoldPlus Battery GP-29BT,BL-29BT,2900,,Transsion code convention (the two digits = capacity ÷ 100); voltage not stated,,TECNO,1,TECNO Spark 4 Air,"BL-29BT, BL29BT, GP-29BT, TECNO Spark 4 Air battery",GoldPlus BL-29BT battery for TECNO Spark 4 Air,GoldPlus replacement battery BL-29BT for TECNO Spark 4 Air. Check your phone's exact model number or the code on your old battery before you order.
GP-BAT-BL29CI,BL-29CI,GoldPlus Battery GP-29CI,BL-29CI,2900,,Transsion code convention (the two digits = capacity ÷ 100); voltage not stated,,itel,1,itel A36,"BL-29CI, BL29CI, GP-29CI, itel A36 battery",GoldPlus BL-29CI battery for itel A36,GoldPlus replacement battery BL-29CI for itel A36. Check your phone's exact model number or the code on your old battery before you order.
GP-BAT-BL29FT,BL-29FT,GoldPlus Battery GP-29FT,BL-29FT,2900,,Transsion code convention (the two digits = capacity ÷ 100); voltage not stated,,TECNO,1,TECNO T353,"BL-29FT, BL29FT, GP-29FT, TECNO T353 battery",GoldPlus BL-29FT battery for TECNO T353,GoldPlus replacement battery BL-29FT for TECNO T353. Check your phone's exact model number or the code on your old battery before you order.
GP-BAT-BL32AT,BL-32AT,GoldPlus Battery GP-32AT CX,BL-32AT,3200,,Transsion code convention (the two digits = capacity ÷ 100); voltage not stated,,TECNO,1,TECNO Camon CX,"BL-32AT, BL32AT, GP-32AT, TECNO Camon CX battery",GoldPlus BL-32AT battery for TECNO Camon CX,GoldPlus replacement battery BL-32AT for TECNO Camon CX. Check your phone's exact model number or the code on your old battery before you order.
GP-BAT-BL34CT,BL-34CT,GoldPlus Battery GP-34CT,BL-34CT,3400,,Transsion code convention (the two digits = capacity ÷ 100); voltage not stated,,TECNO,1,TECNO Spark 3,"BL-34CT, BL34CT, GP-34CT, TECNO Spark 3 battery",GoldPlus BL-34CT battery for TECNO Spark 3,GoldPlus replacement battery BL-34CT for TECNO Spark 3. Check your phone's exact model number or the code on your old battery before you order.
GP-BAT-BL34ET,BL-34ET,GoldPlus Battery GP-34ET,BL-34ET,3500,,seen on independent parts listings (2026-09-20),,TECNO,1,TECNO Pop 3,"BL-34ET, BL34ET, GP-34ET, TECNO Pop 3 battery",GoldPlus BL-34ET battery for TECNO Pop 3,GoldPlus replacement battery BL-34ET for TECNO Pop 3. Check your phone's exact model number or the code on your old battery before you order.
GP-BAT-BL36BT,BL-36BT,GoldPlus Battery GP-36BT,BL-36BT,3600,,Transsion code convention (the two digits = capacity ÷ 100); voltage not stated,,TECNO,3,TECNO Camon 11; TECNO Camon 11 Pro; TECNO Camon X,"BL-36BT, BL36BT, GP-36BT, TECNO Camon 11 battery, TECNO Camon 11 Pro battery, TECNO Camon X battery","GoldPlus BL-36BT battery for TECNO Camon 11, TECNO Camon 11 Pro, TECNO","GoldPlus replacement battery BL-36BT for TECNO Camon 11, TECNO Camon 11 Pro, TECNO Camon X. Check your phone's exact model number or the code on your old battery before you order."
GP-BAT-BL38AT,BL-38AT,GoldPlus Battery GP-38AT,BL-38AT,4000,3.85,seen on independent parts listings (2026-09-20),,TECNO,1,TECNO Pop 2 Power,"BL-38AT, BL38AT, GP-38AT, TECNO Pop 2 Power battery",GoldPlus BL-38AT battery for TECNO Pop 2 Power,GoldPlus replacement battery BL-38AT for TECNO Pop 2 Power. Check your phone's exact model number or the code on your old battery before you order.
GP-BAT-BL38BT,BL-38BT,GoldPlus Battery GP-38BT,BL-38BT,4000,,seen on independent parts listings (2026-09-20),,TECNO,2,TECNO Pop 5 Go (BD1); TECNO Pop 6 Go (BE6),"BL-38BT, BL38BT, GP-38BT, TECNO Pop 5 Go battery, TECNO Pop 6 Go battery, BD1 battery, BE6 battery","GoldPlus BL-38BT battery for TECNO Pop 5 Go, TECNO Pop 6 Go","GoldPlus replacement battery BL-38BT for TECNO Pop 5 Go, TECNO Pop 6 Go. Check your phone's exact model number or the code on your old battery before you order."
GP-BAT-BL38CT,BL-38CT,GoldPlus Replacement Battery BL-38CT — fits the Pop 6,BL-38CT,3850,,seen on independent parts listings (2026-09-20),,TECNO,1,TECNO Pop 6 Go (BE6),"BL-38CT, BL38CT, GP-38CT, TECNO Pop 6 Go battery, BE6 battery",GoldPlus BL-38CT battery for TECNO Pop 6 Go,GoldPlus replacement battery BL-38CT for TECNO Pop 6 Go. Check your phone's exact model number or the code on your old battery before you order.
GP-BAT-BL39AX,BL-39AX,GoldPlus Battery GP-39AX,BL-39AX,4000,,seen on independent parts listings (2026-09-20),,Infinix,2,Infinix Hot 4 (X557); Infinix Hot 4 Pro (X556),"BL-39AX, BL39AX, GP-39AX, Infinix Hot 4 battery, Infinix Hot 4 Pro battery, X557 battery, X556 battery","GoldPlus BL-39AX battery for Infinix Hot 4, Infinix Hot 4 Pro","GoldPlus replacement battery BL-39AX for Infinix Hot 4, Infinix Hot 4 Pro. Check your phone's exact model number or the code on your old battery before you order."
GP-BAT-BL39EX,BL-39EX,GoldPlus Battery GP-39EX,BL-39EX,4000,,seen on independent parts listings (2026-09-20),,Infinix,1,Infinix Hot 5 (X559),"BL-39EX, BL39EX, GP-39EX, Infinix Hot 5 battery, X559 battery",GoldPlus BL-39EX battery for Infinix Hot 5,GoldPlus replacement battery BL-39EX for Infinix Hot 5. Check your phone's exact model number or the code on your old battery before you order.
GP-BAT-BL39JX,BL-39JX,GoldPlus Battery GP-39JX,BL-39JX,3900,,Transsion code convention (the two digits = capacity ÷ 100); voltage not stated,,Infinix,1,Infinix Hot S3X (X622),"BL-39JX, BL39JX, GP-39JX, Infinix Hot S3X battery, X622 battery",GoldPlus BL-39JX battery for Infinix Hot S3X,GoldPlus replacement battery BL-39JX for Infinix Hot S3X. Check your phone's exact model number or the code on your old battery before you order.
GP-BAT-BL39KX,BL-39KX,GoldPlus Battery GP-39KX,BL-39KX,3900,,Transsion code convention (the two digits = capacity ÷ 100); voltage not stated,,Infinix,3,Infinix Hot 7 (X624); Infinix Hot 7 Pro (X625D); Infinix S4 (X626),"BL-39KX, BL39KX, GP-39KX, Infinix Hot 7 battery, Infinix Hot 7 Pro battery, Infinix S4 battery, X624 battery, X625D battery, X626 battery","GoldPlus BL-39KX battery for Infinix Hot 7, Infinix Hot 7 Pro, Infinix","GoldPlus replacement battery BL-39KX for Infinix Hot 7, Infinix Hot 7 Pro, Infinix S4. Check your phone's exact model number or the code on your old battery before you order."
GP-BAT-BL43BX,BL-43BX,GoldPlus Battery GP-43BX,BL-43BX,4300,,Transsion code convention (the two digits = capacity ÷ 100); voltage not stated,,Infinix,1,Infinix Note 5 (X604),"BL-43BX, BL43BX, GP-43BX, Infinix Note 5 battery, X604 battery",GoldPlus BL-43BX battery for Infinix Note 5,GoldPlus replacement battery BL-43BX for Infinix Note 5. Check your phone's exact model number or the code on your old battery before you order.
GP-BAT-BL48BT,BL-48BT,GoldPlus Battery GP-48BT,BL-48BT,4800,,Transsion code convention (the two digits = capacity ÷ 100); voltage not stated,,TECNO,1,TECNO Pop 5 (BD2),"BL-48BT, BL48BT, GP-48BT, TECNO Pop 5 battery, BD2 battery",GoldPlus BL-48BT battery for TECNO Pop 5,GoldPlus replacement battery BL-48BT for TECNO Pop 5. Check your phone's exact model number or the code on your old battery before you order.
GP-BAT-BL49CI,BL-49CI,GoldPlus Battery GP-49CI,BL-49CI,4900,,Transsion code convention (the two digits = capacity ÷ 100); voltage not stated,,itel,2,itel P11; itel P12,"BL-49CI, BL49CI, GP-49CI, itel P11 battery, itel P12 battery","GoldPlus BL-49CI battery for itel P11, itel P12","GoldPlus replacement battery BL-49CI for itel P11, itel P12. Check your phone's exact model number or the code on your old battery before you order."
GP-BAT-BL49DT,BL-49DT,GoldPlus Battery GP-49DT,BL-49DT,4900,,Transsion code convention (the two digits = capacity ÷ 100); voltage not stated,,TECNO,2,TECNO Pouvoir 1 (LA6); TECNO Pouvoir 2 (LA7),"BL-49DT, BL49DT, GP-49DT, TECNO Pouvoir 1 battery, TECNO Pouvoir 2 battery, LA6 battery, LA7 battery","GoldPlus BL-49DT battery for TECNO Pouvoir 1, TECNO Pouvoir 2","GoldPlus replacement battery BL-49DT for TECNO Pouvoir 1, TECNO Pouvoir 2. Check your phone's exact model number or the code on your old battery before you order."
GP-BAT-BL49ET,BL-49ET,GoldPlus Battery GP-49ET,BL-49ET,5000,,seen on independent parts listings (2026-09-20),,TECNO,3,TECNO Pop 2 Plus (BA2); TECNO Pouvoir 2 Air (LB6); TECNO Pouvoir 3 Air (LC6A),"BL-49ET, BL49ET, GP-49ET, TECNO Pop 2 Plus battery, TECNO Pouvoir 2 Air battery, TECNO Pouvoir 3 Air battery, BA2 battery, LB6 battery, LC6A battery","GoldPlus BL-49ET battery for TECNO Pop 2 Plus, TECNO Pouvoir 2 Air, TE","GoldPlus replacement battery BL-49ET for TECNO Pop 2 Plus, TECNO Pouvoir 2 Air, TECNO Pouvoir 3 Air. Check your phone's exact model number or the code on your old battery before you order."
GP-BAT-BL49FT,BL-49FT,GoldPlus Battery GP-49FT,BL-49FT,4900,,Transsion code convention (the two digits = capacity ÷ 100); voltage not stated,,TECNO,8,TECNO Camon 15 (CD7); TECNO Camon 15 Air; TECNO Pop 4 (BC2); TECNO Pop 4 Pro (BC3); TECNO Spark 5 Pro (KD7); TECNO Spark 6 Go (KE5); TECNO Spark 7 (KF6n); TECNO Spark 7 Go (KF6m),"BL-49FT, BL49FT, GP-49FT, TECNO Camon 15 battery, TECNO Camon 15 Air battery, TECNO Pop 4 battery, TECNO Pop 4 Pro battery, TECNO Spark 5 Pro battery, TECNO Spark 6 Go battery, TECNO Spark 7 battery, TECNO Spark 7 Go battery, CD7 battery, BC2 battery, BC3 battery, KD7 battery, KE5 battery, KF6n battery, KF6m battery","GoldPlus BL-49FT battery for TECNO Camon 15, TECNO Camon 15 Air, TECNO","GoldPlus replacement battery BL-49FT for TECNO Camon 15, TECNO Camon 15 Air, TECNO Pop 4, TECNO Pop 4 Pro, TECNO Spark 5 Pro, TECNO Spark 6 Go. Check your phone's exact model number or the code on your old battery before you order."
GP-BAT-BL49GX,BL-49GX,GoldPlus Battery GP-49GX,BL-49GX,4900,,Transsion code convention (the two digits = capacity ÷ 100); voltage not stated,,Infinix,5,Infinix Hot 11S (X6812); Infinix Hot 12 Pro; Infinix Note 10 (X693); Infinix Note 7 (X690); Infinix Note 7 Lite (X656),"BL-49GX, BL49GX, GP-49GX, Infinix Hot 11S battery, Infinix Hot 12 Pro battery, Infinix Note 10 battery, Infinix Note 7 battery, Infinix Note 7 Lite battery, X6812 battery, X693 battery, X690 battery, X656 battery","GoldPlus BL-49GX battery for Infinix Hot 11S, Infinix Hot 12 Pro, Infi","GoldPlus replacement battery BL-49GX for Infinix Hot 11S, Infinix Hot 12 Pro, Infinix Note 10, Infinix Note 7, Infinix Note 7 Lite. Check your phone's exact model number or the code on your old battery before you order."
GP-BAT-BL49JT,BL-49JT,GoldPlus Battery GP-49JT,BL-49JT,4900,,Transsion code convention (the two digits = capacity ÷ 100); voltage not stated,,TECNO,3,TECNO Camon 17 Pro (CG8); TECNO Camon 18P (CH7); TECNO Spark 8 Pro,"BL-49JT, BL49JT, GP-49JT, TECNO Camon 17 Pro battery, TECNO Camon 18P battery, TECNO Spark 8 Pro battery, CG8 battery, CH7 battery","GoldPlus BL-49JT battery for TECNO Camon 17 Pro, TECNO Camon 18P, TECN","GoldPlus replacement battery BL-49JT for TECNO Camon 17 Pro, TECNO Camon 18P, TECNO Spark 8 Pro. Check your phone's exact model number or the code on your old battery before you order."
GP-BAT-BL49JX,BL-49JX,GoldPlus Battery GP-49JX,BL-49JX,4900,,Transsion code convention (the two digits = capacity ÷ 100); voltage not stated,,Infinix,3,Infinix Note 10 Pro (X695); Infinix Note 11 Pro (X697); Infinix Zero 5G (X6815),"BL-49JX, BL49JX, GP-49JX, Infinix Note 10 Pro battery, Infinix Note 11 Pro battery, Infinix Zero 5G battery, X695 battery, X697 battery, X6815 battery","GoldPlus BL-49JX battery for Infinix Note 10 Pro, Infinix Note 11 Pro,","GoldPlus replacement battery BL-49JX for Infinix Note 10 Pro, Infinix Note 11 Pro, Infinix Zero 5G. Check your phone's exact model number or the code on your old battery before you order."
GP-BAT-BL51BX,BL-51BX,GoldPlus Battery GP-51BX,BL-51BX,5100,,Transsion code convention (the two digits = capacity ÷ 100); voltage not stated,,Infinix,3,Infinix Hot 10 (X682); Infinix Note 8 (X692); Infinix Note 8i (X683),"BL-51BX, BL51BX, GP-51BX, Infinix Hot 10 battery, Infinix Note 8 battery, Infinix Note 8i battery, X682 battery, X692 battery, X683 battery","GoldPlus BL-51BX battery for Infinix Hot 10, Infinix Note 8, Infinix N","GoldPlus replacement battery BL-51BX for Infinix Hot 10, Infinix Note 8, Infinix Note 8i. Check your phone's exact model number or the code on your old battery before you order."
GP-BAT-BL58BT,BL-58BT,GoldPlus Battery GP-58BT,BL-58BT,5800,,Transsion code convention (the two digits = capacity ÷ 100); voltage not stated,,TECNO,3,TECNO Pouvoir 4 (LC7); TECNO Pouvoir 4 Pro (LC8); TECNO Spark 6 Air (KE6),"BL-58BT, BL58BT, GP-58BT, TECNO Pouvoir 4 battery, TECNO Pouvoir 4 Pro battery, TECNO Spark 6 Air battery, LC7 battery, LC8 battery, KE6 battery","GoldPlus BL-58BT battery for TECNO Pouvoir 4, TECNO Pouvoir 4 Pro, TEC","GoldPlus replacement battery BL-58BT for TECNO Pouvoir 4, TECNO Pouvoir 4 Pro, TECNO Spark 6 Air. Check your phone's exact model number or the code on your old battery before you order."
GP-BAT-BL58BX,BL-58BX,GoldPlus Battery GP-58BX,BL-58BX,5800,,Transsion code convention (the two digits = capacity ÷ 100); voltage not stated,,Infinix,2,Infinix Hot 9; Infinix Hot 9 Play (X680),"BL-58BX, BL58BX, GP-58BX, Infinix Hot 9 battery, Infinix Hot 9 Play battery, X680 battery","GoldPlus BL-58BX battery for Infinix Hot 9, Infinix Hot 9 Play","GoldPlus replacement battery BL-58BX for Infinix Hot 9, Infinix Hot 9 Play. Check your phone's exact model number or the code on your old battery before you order."
GP-BAT-BL681,BL-681,GoldPlus Replacement Battery BL-681 — fits the Oppo F9,BLP681 / BLP683,3500,3.85,seen on independent parts listings (2026-09-20),,OPPO,3,OPPO A7x; OPPO F9; OPPO F9 Pro,"BL-681, BL681, BLP681, BLP683, GP-681, OPPO A7x battery, OPPO F9 battery, OPPO F9 Pro battery","GoldPlus BL-681 battery for OPPO A7x, OPPO F9, OPPO F9 Pro","GoldPlus replacement battery BL-681 (replaces BLP681 / BLP683) for OPPO A7x, OPPO F9, OPPO F9 Pro. Check your phone's exact model number or the code on your old battery before you order."
GP-BAT-G530,G530,GoldPlus Replacement Battery G530 — fits phones that use the G530 pack,EB-BG530,2600,3.8,public specification of the original pack,,Samsung,2,Samsung Galaxy Grand Prime (G530); Samsung Galaxy J5,"EB-BG530, G530, Samsung Galaxy Grand Prime battery, Samsung Galaxy J5 battery, G530 battery","GoldPlus G530 battery for Samsung Galaxy Grand Prime, Samsung Galaxy J","GoldPlus replacement battery G530 (replaces EB-BG530) for Samsung Galaxy Grand Prime, Samsung Galaxy J5. Check your phone's exact model number or the code on your old battery before you order."
GP-BAT-IP11,IP 11,GoldPlus iPhone 11 Replacement Battery (IP 11),iPhone 11,3110,3.83,public specification of the original pack,,Apple,1,Apple iPhone 11,"IP 11, IP11, iPhone 11, Apple iPhone 11 battery",GoldPlus IP 11 battery for Apple iPhone 11,GoldPlus replacement battery IP 11 (replaces iPhone 11) for Apple iPhone 11. Check your phone's exact model number or the code on your old battery before you order.
GP-BAT-IP11PROBATTERY,IP 11 PRO BATTERY,GoldPlus iPhone 11 Pro Replacement Battery (IP 11 PRO BATTERY),iPhone 11 Pro,3046,3.83,public specification of the original pack,,Apple,1,Apple iPhone 11 Pro,"IP 11 PRO BATTERY, IP11PROBATTERY, iPhone 11 Pro, Apple iPhone 11 Pro battery",GoldPlus IP 11 PRO BATTERY battery for Apple iPhone 11 Pro,GoldPlus replacement battery IP 11 PRO BATTERY (replaces iPhone 11 Pro) for Apple iPhone 11 Pro. Check your phone's exact model number or the code on your old battery before you order.
GP-BAT-IP11PROMAX,IP 11 PROMAX,GoldPlus iPhone 11 Pro Max Replacement Battery (IP 11 PROMAX),iPhone 11 Pro Max,3969,3.79,public specification of the original pack,,Apple,1,Apple iPhone 11 Pro Max,"IP 11 PROMAX, IP11PROMAX, iPhone 11 Pro Max, Apple iPhone 11 Pro Max battery",GoldPlus IP 11 PROMAX battery for Apple iPhone 11 Pro Max,GoldPlus replacement battery IP 11 PROMAX (replaces iPhone 11 Pro Max) for Apple iPhone 11 Pro Max. Check your phone's exact model number or the code on your old battery before you order.
GP-BAT-IP12,IP 12,GoldPlus iPhone 12 Replacement Battery (IP 12),iPhone 12,2815,3.83,public specification of the original pack,,Apple,1,Apple iPhone 12,"IP 12, IP12, iPhone 12, Apple iPhone 12 battery",GoldPlus IP 12 battery for Apple iPhone 12,GoldPlus replacement battery IP 12 (replaces iPhone 12) for Apple iPhone 12. Check your phone's exact model number or the code on your old battery before you order.
GP-BAT-IP12PRO,IP 12 PRO,GoldPlus iPhone 12 Pro Replacement Battery (IP 12 PRO),iPhone 12 Pro,2815,3.83,public specification of the original pack,,Apple,1,Apple iPhone 12 Pro,"IP 12 PRO, IP12PRO, iPhone 12 Pro, Apple iPhone 12 Pro battery",GoldPlus IP 12 PRO battery for Apple iPhone 12 Pro,GoldPlus replacement battery IP 12 PRO (replaces iPhone 12 Pro) for Apple iPhone 12 Pro. Check your phone's exact model number or the code on your old battery before you order.
GP-BAT-IP12PROMAX,IP 12 PROMAX,GoldPlus iPhone 12 Pro Max Replacement Battery (IP 12 PROMAX),iPhone 12 Pro Max,3687,3.83,public specification of the original pack,,Apple,1,Apple iPhone 12 Pro Max,"IP 12 PROMAX, IP12PROMAX, iPhone 12 Pro Max, Apple iPhone 12 Pro Max battery",GoldPlus IP 12 PROMAX battery for Apple iPhone 12 Pro Max,GoldPlus replacement battery IP 12 PROMAX (replaces iPhone 12 Pro Max) for Apple iPhone 12 Pro Max. Check your phone's exact model number or the code on your old battery before you order.
GP-BAT-IP13,IP 13,GoldPlus iPhone 13 Replacement Battery (IP 13),iPhone 13,3227,3.84,public specification of the original pack,,Apple,1,Apple iPhone 13,"IP 13, IP13, iPhone 13, Apple iPhone 13 battery",GoldPlus IP 13 battery for Apple iPhone 13,GoldPlus replacement battery IP 13 (replaces iPhone 13) for Apple iPhone 13. Check your phone's exact model number or the code on your old battery before you order.
GP-BAT-IP13PRO,IP 13 PRO,GoldPlus iPhone 13 Pro Replacement Battery (IP 13 PRO),iPhone 13 Pro,3095,3.84,public specification of the original pack,,Apple,1,Apple iPhone 13 Pro,"IP 13 PRO, IP13PRO, iPhone 13 Pro, Apple iPhone 13 Pro battery",GoldPlus IP 13 PRO battery for Apple iPhone 13 Pro,GoldPlus replacement battery IP 13 PRO (replaces iPhone 13 Pro) for Apple iPhone 13 Pro. Check your phone's exact model number or the code on your old battery before you order.
GP-BAT-IP13PROMAX,IP 13 PROMAX,GoldPlus iPhone 13 Pro Max Replacement Battery (IP 13 PROMAX),iPhone 13 Pro Max,4352,3.84,public specification of the original pack,,Apple,1,Apple iPhone 13 Pro Max,"IP 13 PROMAX, IP13PROMAX, iPhone 13 Pro Max, Apple iPhone 13 Pro Max battery",GoldPlus IP 13 PROMAX battery for Apple iPhone 13 Pro Max,GoldPlus replacement battery IP 13 PROMAX (replaces iPhone 13 Pro Max) for Apple iPhone 13 Pro Max. Check your phone's exact model number or the code on your old battery before you order.
GP-BAT-IP14,IP 14,GoldPlus iPhone 14 Replacement Battery (IP 14),iPhone 14,3279,3.85,public specification of the original pack,,Apple,1,Apple iPhone 14,"IP 14, IP14, iPhone 14, Apple iPhone 14 battery",GoldPlus IP 14 battery for Apple iPhone 14,GoldPlus replacement battery IP 14 (replaces iPhone 14) for Apple iPhone 14. Check your phone's exact model number or the code on your old battery before you order.
GP-BAT-IP14PRO,IP 14 PRO,GoldPlus iPhone 14 Pro Replacement Battery (IP 14 PRO),iPhone 14 Pro,3200,3.87,public specification of the original pack,,Apple,1,Apple iPhone 14 Pro,"IP 14 PRO, IP14PRO, iPhone 14 Pro, Apple iPhone 14 Pro battery",GoldPlus IP 14 PRO battery for Apple iPhone 14 Pro,GoldPlus replacement battery IP 14 PRO (replaces iPhone 14 Pro) for Apple iPhone 14 Pro. Check your phone's exact model number or the code on your old battery before you order.
GP-BAT-IP14PROMAX,IP 14 PROMAX,GoldPlus iPhone 14 Pro Max Replacement Battery (IP 14 PROMAX),iPhone 14 Pro Max,4323,3.86,public specification of the original pack,,Apple,1,Apple iPhone 14 Pro Max,"IP 14 PROMAX, IP14PROMAX, iPhone 14 Pro Max, Apple iPhone 14 Pro Max battery",GoldPlus IP 14 PROMAX battery for Apple iPhone 14 Pro Max,GoldPlus replacement battery IP 14 PROMAX (replaces iPhone 14 Pro Max) for Apple iPhone 14 Pro Max. Check your phone's exact model number or the code on your old battery before you order.
GP-BAT-IPX,IP X,GoldPlus iPhone X Replacement Battery (IP X),iPhone X,2716,3.81,public specification of the original pack,,Apple,1,Apple iPhone X,"IP X, IPX, iPhone X, Apple iPhone X battery",GoldPlus IP X battery for Apple iPhone X,GoldPlus replacement battery IP X (replaces iPhone X) for Apple iPhone X. Check your phone's exact model number or the code on your old battery before you order.
GP-BAT-IPXR,IP XR,GoldPlus iPhone XR Replacement Battery (IP XR),iPhone XR,2942,3.79,public specification of the original pack,,Apple,1,Apple iPhone XR,"IP XR, IPXR, iPhone XR, Apple iPhone XR battery",GoldPlus IP XR battery for Apple iPhone XR,GoldPlus replacement battery IP XR (replaces iPhone XR) for Apple iPhone XR. Check your phone's exact model number or the code on your old battery before you order.
GP-BAT-NOKIAC1,NOKIA C1,GoldPlus Replacement Battery NOKIA C1 — fits the Nokia C1,S5420AP,2500,3.8,seen on independent parts listings (2026-09-20),,Nokia,1,Nokia C1 (2019) (TA-1165),"NOKIA C1, NOKIAC1, S5420AP, Nokia C1 (2019) battery, TA-1165 battery",GoldPlus NOKIA C1 battery for Nokia C1 (2019),GoldPlus replacement battery NOKIA C1 (replaces S5420AP) for Nokia C1 (2019). Check your phone's exact model number or the code on your old battery before you order.
GP-BAT-NOTE4,NOTE 4,GoldPlus Replacement Battery NOTE 4 — fits the Note 4,EB-BN910BBE,3220,3.85,public specification of the original pack,,Samsung,1,Samsung Galaxy Note 4,"EB-BN910BBE, NOTE 4, NOTE4, Samsung Galaxy Note 4 battery",GoldPlus NOTE 4 battery for Samsung Galaxy Note 4,GoldPlus replacement battery NOTE 4 (replaces EB-BN910BBE) for Samsung Galaxy Note 4. Check your phone's exact model number or the code on your old battery before you order.
GP-BAT-VIVOBB1,VIVO B-B1,GoldPlus Replacement Battery VIVO B-B1 — fits Vivo phones that use the B-B1 pack,B-B1,2730,3.85,seen on independent parts listings (2026-09-20),,Vivo,4,Vivo Y55; Vivo Y55A; Vivo Y55L; Vivo Y55s (2017) (1610),"B-B1, VIVO B-B1, VIVO BB1, VIVOB-B1, Vivo Y55 battery, Vivo Y55A battery, Vivo Y55L battery, Vivo Y55s (2017) battery, 1610 battery","GoldPlus VIVO B-B1 battery for Vivo Y55, Vivo Y55A, Vivo Y55L, Vivo Y5","GoldPlus replacement battery VIVO B-B1 (replaces B-B1) for Vivo Y55, Vivo Y55A, Vivo Y55L, Vivo Y55s (2017). Check your phone's exact model number or the code on your old battery before you order."
GP-BAT-VIVOBB2,VIVO B-B2,GoldPlus Replacement Battery VIVO B-B2 — fits Vivo phones that use the B-B2 pack,B-B2,3000,3.85,public specification of the original pack,,Vivo,9,Vivo V5; Vivo V5 Lite; Vivo V5s; Vivo Y65; Vivo Y66; Vivo Y66L; Vivo Y67; Vivo Y67L; Vivo Y69,"B-B2, VIVO B-B2, VIVO BB2, VIVOB-B2, Vivo V5 battery, Vivo V5 Lite battery, Vivo V5s battery, Vivo Y65 battery, Vivo Y66 battery, Vivo Y66L battery, Vivo Y67 battery, Vivo Y67L battery, Vivo Y69 battery","GoldPlus VIVO B-B2 battery for Vivo V5, Vivo V5 Lite, Vivo V5s, Vivo Y","GoldPlus replacement battery VIVO B-B2 (replaces B-B2) for Vivo V5, Vivo V5 Lite, Vivo V5s, Vivo Y65, Vivo Y66, Vivo Y66L. Check your phone's exact model number or the code on your old battery before you order."
GP-BAT-VIVOBD2,VIVO B-D2,GoldPlus Replacement Battery VIVO B-D2 — fits Vivo phones that use the B-D2 pack,B-D2,3905,3.85,seen on independent parts listings (2026-09-20),,Vivo,4,Vivo X20; Vivo X20 Plus; Vivo X20 Plus A; Vivo X20 Plus UD,"B-D2, VIVO B-D2, VIVO BD2, VIVOB-D2, Vivo X20 battery, Vivo X20 Plus battery, Vivo X20 Plus A battery, Vivo X20 Plus UD battery","GoldPlus VIVO B-D2 battery for Vivo X20, Vivo X20 Plus, Vivo X20 Plus ","GoldPlus replacement battery VIVO B-D2 (replaces B-D2) for Vivo X20, Vivo X20 Plus, Vivo X20 Plus A, Vivo X20 Plus UD. Check your phone's exact model number or the code on your old battery before you order."
GP-BAT-WIFIBATBIG,WIFI BAT BIG,GoldPlus Portable WiFi (MiFi) Replacement Battery — Large Pack (WIFI BAT BIG),,,,,,,0,,"WIFI BAT BIG, WIFIBATBIG",GoldPlus WIFI BAT BIG replacement battery,GoldPlus replacement battery WIFI BAT BIG. Check your phone's exact model number or the code on your old battery before you order.
GP-BAT-WIFIBATTERYSMALL,WIFI BATTERY SMALL,GoldPlus Portable WiFi (MiFi) Replacement Battery — Small Pack (WIFI BATTERY SMALL),,,,,,,0,,"WIFI BATTERY SMALL, WIFIBATTERYSMALL",GoldPlus WIFI BATTERY SMALL replacement battery,GoldPlus replacement battery WIFI BATTERY SMALL. Check your phone's exact model number or the code on your old battery before you order.
GP-BAT-WT140,WT140,GoldPlus Replacement Battery WT140 — fits the C01 Plus,WT140,3000,3.85,seen on independent parts listings (2026-09-20),,Nokia,1,Nokia C01 Plus,"WT140, Nokia C01 Plus battery",GoldPlus WT140 battery for Nokia C01 Plus,GoldPlus replacement battery WT140 for Nokia C01 Plus. Check your phone's exact model number or the code on your old battery before you order.
